{"iter": 0, "train/loss": 1.0639164447784424, "val/loss": 1.8223464488983154, "train/f1": 0.00013880534970667213, "val/f1": 0.00041292872629128397, "train/f1_w_vel": 2.393713475612458e-05, "val/f1_w_vel": 9.747283911565319e-05, "lr": 0.0, "mfu": -100.0, "_timestamp": 1705684995.890832, "_runtime": 32.12608003616333, "_step": 0, "_wandb": {"runtime": 63}}