{"iter": 30000, "train/loss": 1.4454584121704102, "val/loss": 1.9848712682724, "train/f1": 0.00017174618551507592, "val/f1": 0.00032911839662119746, "train/f1_w_vel": 4.088625428266823e-05, "val/f1_w_vel": 8.07109463494271e-05, "lr": 0.00029854207906258634, "mfu": -100.0, "_timestamp": 1705739681.4409072, "_runtime": 7590.54304432869, "_step": 5}