{"iter": 10000, "train/loss": 0.9256919622421265, "val/loss": 2.0773863792419434, "train/f1": 6.27340268692933e-05, "val/f1": 0.0003718118532560766, "train/f1_w_vel": 1.8139942767447792e-05, "val/f1_w_vel": 0.00011789084965130314, "lr": 0.0002998807887623448, "mfu": -100.0, "_timestamp": 1705706648.4644935, "_runtime": 21.851252555847168, "_step": 0, "_wandb": {"runtime": 23}}