{"iter": 10000, "train/loss": 0.6970818042755127, "val/loss": 0.6995702385902405, "train/f1": 0.0002630467351991683, "val/f1": 0.00049325090367347, "train/f1_w_vel": 5.6600645621074364e-05, "val/f1_w_vel": 0.00011689560778904706, "lr": 0.0002998807887623448, "mfu": -100.0, "_timestamp": 1705667304.3527465, "_runtime": 18777.964257478714, "_step": 5}