{"iter": 0, "train/loss": 0.7015032768249512, "val/loss": 0.7010927200317383, "train/f1": 0.00043899216689169407, "val/f1": 0.00038607773603871465, "train/f1_w_vel": 6.882137677166611e-05, "val/f1_w_vel": 7.711126818321645e-05, "lr": 0.0, "mfu": -100.0, "_timestamp": 1705646724.6704333, "_runtime": 3.8846921920776367, "_step": 0, "_wandb": {"runtime": 21}}