{"iter": 0, "train/loss": 0.698338508605957, "val/loss": 0.699081301689148, "train/f1": 0.00042571191443130374, "val/f1": 0.0003870689542964101, "train/f1_w_vel": 9.124398638959974e-05, "val/f1_w_vel": 9.10568778635934e-05, "lr": 0.0, "mfu": -100.0, "_timestamp": 1705628473.9102793, "_runtime": 3.9776501655578613, "_step": 0, "_wandb": {"runtime": 3}}