{"iter": 0, "train/loss": 0.7014607191085815, "val/loss": 0.7016122937202454, "train/f1": 0.00035037455381825566, "val/f1": 0.0004270267381798476, "train/f1_w_vel": 3.646570257842541e-05, "val/f1_w_vel": 8.095054363366216e-05, "lr": 0.0, "mfu": -100.0, "_timestamp": 1705647119.0208018, "_runtime": 4.07959771156311, "_step": 0, "_wandb": {"runtime": 6}}