{"iter": 0, "train/loss": 0.701210618019104, "val/loss": 0.6992619037628174, "train/f1": 0.0004583453992381692, "val/f1": 0.00041130412137135863, "train/f1_w_vel": 7.534449832746759e-05, "val/f1_w_vel": 0.00011640354205155745, "lr": 0.0, "mfu": -100.0, "_timestamp": 1705627746.1207802, "_runtime": 4.051283121109009, "_step": 0, "_wandb": {"runtime": 4}}