{"iter": 0, "train/loss": 0.6969258785247803, "val/loss": 0.7004204988479614, "train/f1": 0.00023009278811514378, "val/f1": 0.000479429611004889, "train/f1_w_vel": 5.729973054258153e-05, "val/f1_w_vel": 0.00011581317812670022, "lr": 0.0, "mfu": -100.0, "_timestamp": 1705627524.3746982, "_runtime": 3.8174681663513184, "_step": 0, "_wandb": {"runtime": 3}}