{"iter": 0, "train/loss": 0.6990053653717041, "val/loss": 0.6978756785392761, "train/f1": 0.0005518714315257967, "val/f1": 0.00039705168455839157, "train/f1_w_vel": 0.00013997139467392117, "val/f1_w_vel": 5.990191857563332e-05, "lr": 0.0, "mfu": -100.0, "_timestamp": 1705646846.7314506, "_runtime": 4.028926610946655, "_step": 0, "_wandb": {"runtime": 10}}