{"iter": 10000, "train/loss": 0.8682916164398193, "val/loss": 1.8974578380584717, "train/f1": 5.1396822527749464e-05, "val/f1": 0.0002803836250677705, "train/f1_w_vel": 9.825907909544185e-06, "val/f1_w_vel": 7.481957436539233e-05, "lr": 0.0002998807887623448, "mfu": -100.0, "_timestamp": 1705706736.5905051, "_runtime": 17.883700132369995, "_step": 0, "_wandb": {"runtime": 19}}