{"iter": 0, "train/loss": 0.7008346915245056, "val/loss": 0.6988480687141418, "train/f1": 0.00045217102160677314, "val/f1": 0.00034759356640279293, "train/f1_w_vel": 0.00010751243098638952, "val/f1_w_vel": 7.724395982222632e-05, "lr": 0.0, "mfu": -100.0, "_timestamp": 1705628067.345924, "_runtime": 3.8101119995117188, "_step": 0, "_wandb": {"runtime": 3}}