{"iter": 10000, "train/loss": 1.3637580871582031, "val/loss": 2.0083818435668945, "train/f1": 0.0001550852757645771, "val/f1": 0.0003292245673947036, "train/f1_w_vel": 3.286115679657087e-05, "val/f1_w_vel": 8.672672265674919e-05, "lr": 0.0002998807887623448, "mfu": -100.0, "_timestamp": 1705695134.4513307, "_runtime": 9584.454713582993, "_step": 5}