{"iter": 0, "train/loss": 1.6311876773834229, "val/loss": 2.4762299060821533, "train/f1": 0.00019052132847718894, "val/f1": 0.00042058838880620897, "train/f1_w_vel": 3.601903154049069e-05, "val/f1_w_vel": 8.574088860768825e-05, "lr": 0.0, "mfu": -100.0, "_timestamp": 1705706954.2789984, "_runtime": 15.054054260253906, "_step": 0, "_wandb": {"runtime": 30}}