{"iter": 0, "train/loss": 1.4029030799865723, "val/loss": 1.959494948387146, "train/f1": 0.0002585486217867583, "val/f1": 0.00045913553913123906, "train/f1_w_vel": 5.7966779422713444e-05, "val/f1_w_vel": 0.00010368689254391938, "lr": 0.0, "mfu": -100.0, "_timestamp": 1705684772.3556046, "_runtime": 319.6693196296692, "_step": 0}