{"iter": 0, "train/loss": 0.7037689685821533, "val/loss": 0.6989164352416992, "train/f1": 0.00048778444761410356, "val/f1": 0.00047451863065361977, "train/f1_w_vel": 0.00015064689796417952, "val/f1_w_vel": 0.00013658533862326294, "lr": 0.0, "mfu": -100.0, "_timestamp": 1705646609.803812, "_runtime": 4.503763914108276, "_step": 0, "_wandb": {"runtime": 4}}