{"iter": 40000, "train/loss": 1.4822779893875122, "val/loss": 2.004401206970215, "train/f1": 0.00018081616144627333, "val/f1": 0.00032299902522936463, "train/f1_w_vel": 3.87327054340858e-05, "val/f1_w_vel": 7.64040305512026e-05, "lr": 0.0002973188227593776, "mfu": -100.0, "_timestamp": 1705769578.4644322, "_runtime": 17095.6797041893, "_step": 5}