{"iter": 0, "train/loss": 0.6973899602890015, "val/loss": 0.6993869543075562, "train/f1": 0.00023390229034703225, "val/f1": 0.0004311686789151281, "train/f1_w_vel": 4.947925481246784e-05, "val/f1_w_vel": 0.00010608360025798902, "lr": 0.0, "mfu": -100.0, "_timestamp": 1705647633.9714596, "_runtime": 130.65295457839966, "_step": 0, "_wandb": {"runtime": 843}}