{"iter": 0, "train/loss": 0.6996353268623352, "val/loss": 0.6997994780540466, "train/f1": 0.00038999307435005903, "val/f1": 0.0003912291722372174, "train/f1_w_vel": 3.9020735130179673e-05, "val/f1_w_vel": 4.736423943541013e-05, "lr": 0.0, "mfu": -100.0, "_timestamp": 1705628103.166336, "_runtime": 3.967656135559082, "_step": 0, "_wandb": {"runtime": 4}}