{"iter": 0, "train/loss": 0.7016806602478027, "val/loss": 0.700170636177063, "train/f1": 0.0004095082404091954, "val/f1": 0.00038320725434459746, "train/f1_w_vel": 5.721310299122706e-05, "val/f1_w_vel": 9.93071444099769e-05, "lr": 0.0, "mfu": -100.0, "_timestamp": 1705627847.158858, "_runtime": 4.099231004714966, "_step": 0, "_wandb": {"runtime": 5}}