{"iter": 20000, "train/loss": 1.6068569421768188, "val/loss": 2.0861499309539795, "train/f1": 0.00019377550052013248, "val/f1": 0.0003364852163940668, "train/f1_w_vel": 4.3795746023533866e-05, "val/f1_w_vel": 8.188213541870937e-05, "lr": 0.00029939685392107415, "mfu": -100.0, "_timestamp": 1705730458.8248563, "_runtime": 7580.021382331848, "_step": 5}