{"iter": 10000, "train/loss": 1.4553221464157104, "val/loss": 2.0920653343200684, "train/f1": 0.00017681038298178464, "val/f1": 0.0003176722675561905, "train/f1_w_vel": 4.156677459832281e-05, "val/f1_w_vel": 7.848265522625297e-05, "lr": 0.0002998807887623448, "mfu": -100.0, "_timestamp": 1705714449.5028508, "_runtime": 7452.470906734467, "_step": 5}