{"iter": 0, "train/loss": 0.8297415375709534, "val/loss": 2.7795987129211426, "train/f1": 3.671551530715078e-05, "val/f1": 0.0005673178820870817, "train/f1_w_vel": 4.319472282077186e-06, "val/f1_w_vel": 0.00011680074385367334, "lr": 0.0, "mfu": -100.0, "_timestamp": 1705685507.8083687, "_runtime": 10.673775672912598, "_step": 0}