{"iter": 0, "train/loss": 1.4325610399246216, "val/loss": 2.3798351287841797, "train/f1": 0.000206633354537189, "val/f1": 0.00047014374285936356, "train/f1_w_vel": 4.279035056242719e-05, "val/f1_w_vel": 0.00011620174336712807, "lr": 0.0, "mfu": -100.0, "_timestamp": 1705685115.3287303, "_runtime": 34.51117730140686, "_step": 0}