{"iter": 50000, "train/loss": 1.5431108474731445, "val/loss": 2.0545151233673096, "train/f1": 0.00019309803610667586, "val/f1": 0.00033176224678754807, "train/f1_w_vel": 4.2058221879415214e-05, "val/f1_w_vel": 7.727189222350717e-05, "lr": 0.00029573046033144475, "mfu": -100.0, "_timestamp": 1705781611.5264459, "_runtime": 7659.201606750488, "_step": 5}